[
{
  "model": "contenttypes.contenttype",
  "pk": 1,
  "fields": {
    "app_label": "admin",
    "model": "logentry"
  }
},
{
  "model": "contenttypes.contenttype",
  "pk": 2,
  "fields": {
    "app_label": "auth",
    "model": "permission"
  }
},
{
  "model": "contenttypes.contenttype",
  "pk": 3,
  "fields": {
    "app_label": "auth",
    "model": "group"
  }
},
{
  "model": "contenttypes.contenttype",
  "pk": 4,
  "fields": {
    "app_label": "auth",
    "model": "user"
  }
},
{
  "model": "contenttypes.contenttype",
  "pk": 5,
  "fields": {
    "app_label": "contenttypes",
    "model": "contenttype"
  }
},
{
  "model": "contenttypes.contenttype",
  "pk": 6,
  "fields": {
    "app_label": "sessions",
    "model": "session"
  }
},
{
  "model": "contenttypes.contenttype",
  "pk": 7,
  "fields": {
    "app_label": "calendar_app",
    "model": "event"
  }
},
{
  "model": "contenttypes.contenttype",
  "pk": 8,
  "fields": {
    "app_label": "calendar_app",
    "model": "calendar"
  }
},
{
  "model": "contenttypes.contenttype",
  "pk": 9,
  "fields": {
    "app_label": "calendar_app",
    "model": "organization"
  }
},
{
  "model": "contenttypes.contenttype",
  "pk": 10,
  "fields": {
    "app_label": "calendar_app",
    "model": "userorganization"
  }
},
{
  "model": "contenttypes.contenttype",
  "pk": 11,
  "fields": {
    "app_label": "calendar_app",
    "model": "calendarevent"
  }
},
{
  "model": "sessions.session",
  "pk": "5w25yr9ieacl0779aho9jtn7snldup7y",
  "fields": {
    "session_data": "MTk5ODJiZGYxZGI1YmNlMzhmNTRiZTg4NjRiY2Y5Mzk0MzU5NTU0NDp7Il9hdXRoX3VzZXJfaGFzaCI6ImNhZGFjYjk0NzRhZjIyNWRiMjE4NjQ2MjFkYTM4ZjJjMGVhN2VlYWMiLCJfYXV0aF91c2VyX2JhY2tlbmQiOiJkamFuZ28uY29udHJpYi5hdXRoLmJhY2tlbmRzLk1vZGVsQmFja2VuZCIsIl9hdXRoX3VzZXJfaWQiOiIyIn0=",
    "expire_date": "2017-05-04T20:24:28.791Z"
  }
},
{
  "model": "calendar_app.event",
  "pk": 6,
  "fields": {
    "event_title": "ASU Goes Rockclimbing!",
    "start_time": "2018-03-11T14:30:00Z",
    "end_time": "2018-03-11T17:30:00Z",
    "event_type": "Event",
    "event_url": "https://www.facebook.com/events/1323247497732315/",
    "location": "Rock Spot Climbing South Boston",
    "frequency": "none",
    "day_of_week": "None",
    "end_repeat": null
  }
},
{
  "model": "calendar_app.event",
  "pk": 7,
  "fields": {
    "event_title": "ASU Presents: Appreci(asian) 2018!",
    "start_time": "2018-04-16T17:30:00Z",
    "end_time": "2018-04-16T23:00:00Z",
    "event_type": "Event",
    "event_url": "https://www.facebook.com/events/1061230397354321/",
    "location": "Curry Ballroom",
    "frequency": "none",
    "day_of_week": "None",
    "end_repeat": null
  }
},
{
  "model": "calendar_app.event",
  "pk": 8,
  "fields": {
    "event_title": "NEU aKDPhi Presents: Sheet Mask Fundraiser",
    "start_time": "2018-04-19T23:30:00Z",
    "end_time": "2018-04-19T23:00:00Z",
    "event_type": "Fundraiser",
    "event_url": "https://www.facebook.com/events/1859506167624175/",
    "location": "Curry Crossroads",
    "frequency": "yearly",
    "day_of_week": "None",
    "end_repeat": null
  }
},
{
  "model": "calendar_app.event",
  "pk": 9,
  "fields": {
    "event_title": "Beta Chi Theta - Philanthropy Week - Fall 2017",
    "start_time": "2017-10-03T13:30:00Z",
    "end_time": "2017-10-10T23:00:00Z",
    "event_type": "Event",
    "event_url": "https://www.facebook.com/events/314833238872597/",
    "location": "Northeastern University",
    "frequency": "yearly",
    "day_of_week": "None",
    "end_repeat": null
  }
},
{
  "model": "calendar_app.event",
  "pk": 10,
  "fields": {
    "event_title": "Beta Chi Theta UNOs Fundraiser!",
    "start_time": "2017-11-20T18:30:00Z",
    "end_time": "2017-11-20T23:30:00Z",
    "event_type": "Fundraiser",
    "event_url": "https://www.facebook.com/events/810886865638755/",
    "location": "Unos",
    "frequency": "none",
    "day_of_week": "None",
    "end_repeat": null
  }
},
{
  "model": "calendar_app.event",
  "pk": 11,
  "fields": {
    "event_title": "NEU Beta Chi Theta's CPK Fundraiser",
    "start_time": "2018-03-15T21:00:00Z",
    "end_time": "2018-03-15T23:00:00Z",
    "event_type": "Fundraiser",
    "event_url": "https://www.facebook.com/events/1084751011652146/",
    "location": "California Pizza Kitchen",
    "frequency": "none",
    "day_of_week": "None",
    "end_repeat": null
  }
},
{
  "model": "calendar_app.event",
  "pk": 12,
  "fields": {
    "event_title": "Barkada Family Dinner At Blaze Pizza!",
    "start_time": "2017-10-11T21:00:00Z",
    "end_time": "2017-10-11T23:00:00Z",
    "event_type": "Event",
    "event_url": "https://www.facebook.com/events/734211440066327/",
    "location": "Blaze Pizza",
    "frequency": "none",
    "day_of_week": "None",
    "end_repeat": null
  }
},
{
  "model": "calendar_app.event",
  "pk": 13,
  "fields": {
    "event_title": "Barkada Fresh Rep Elections",
    "start_time": "2017-11-17T22:30:00Z",
    "end_time": "2017-11-17T23:30:00Z",
    "event_type": "General meeting",
    "event_url": "https://www.facebook.com/events/226758457746077/",
    "location": "IV 022",
    "frequency": "none",
    "day_of_week": "None",
    "end_repeat": null
  }
},
{
  "model": "calendar_app.event",
  "pk": 14,
  "fields": {
    "event_title": "Barkada's End of the Year Potluck",
    "start_time": "2018-04-23T21:00:00Z",
    "end_time": "2018-04-23T23:00:00Z",
    "event_type": "General meeting",
    "event_url": "https://www.facebook.com/events/239816319755567/",
    "location": "Curry 440",
    "frequency": "none",
    "day_of_week": "None",
    "end_repeat": null
  }
},
{
  "model": "calendar_app.event",
  "pk": 15,
  "fields": {
    "event_title": "DPO Candy Bag Fundraiser",
    "start_time": "2018-04-14T16:30:00Z",
    "end_time": "2018-04-14T23:00:00Z",
    "event_type": "Fundraiser",
    "event_url": "https://www.facebook.com/events/261182764342160/",
    "location": "Curry Crossroads",
    "frequency": "none",
    "day_of_week": "None",
    "end_repeat": null
  }
},
{
  "model": "calendar_app.event",
  "pk": 16,
  "fields": {
    "event_title": "KASA Mixtape ft. Paul Kim",
    "start_time": "2018-03-04T19:30:00Z",
    "end_time": "2018-03-04T23:30:00Z",
    "event_type": "Event",
    "event_url": "https://www.facebook.com/events/380185235682140/",
    "location": "afterHours",
    "frequency": "none",
    "day_of_week": "None",
    "end_repeat": null
  }
},
{
  "model": "calendar_app.event",
  "pk": 17,
  "fields": {
    "event_title": "KASA's End of the Year BBQ",
    "start_time": "2018-04-15T17:30:00Z",
    "end_time": "2018-04-15T22:30:00Z",
    "event_type": "Event",
    "event_url": "https://www.facebook.com/events/719295198249830/",
    "location": "West Village Quad",
    "frequency": "none",
    "day_of_week": "None",
    "end_repeat": null
  }
},
{
  "model": "calendar_app.event",
  "pk": 18,
  "fields": {
    "event_title": "NEU Kappa Phi Lambda Double Chin Fundraiser",
    "start_time": "2017-10-14T17:30:00Z",
    "end_time": "2017-10-14T23:00:00Z",
    "event_type": "Fundraiser",
    "event_url": "https://www.facebook.com/events/1803429753262034/",
    "location": "Double Chin",
    "frequency": "none",
    "day_of_week": "None",
    "end_repeat": null
  }
},
{
  "model": "calendar_app.event",
  "pk": 19,
  "fields": {
    "event_title": "NEU PDP: Dodgeball Charity Fundraiser",
    "start_time": "2018-02-19T18:30:00Z",
    "end_time": "2018-02-19T23:30:00Z",
    "event_type": "Fundraiser",
    "event_url": "https://www.facebook.com/events/1587018847979520/",
    "location": "Marino",
    "frequency": "none",
    "day_of_week": "None",
    "end_repeat": null
  }
},
{
  "model": "calendar_app.event",
  "pk": 20,
  "fields": {
    "event_title": "PDPsi Spring 18 Chi Class Reveal",
    "start_time": "2018-04-04T21:00:00Z",
    "end_time": "2018-04-04T22:30:00Z",
    "event_type": "Other",
    "event_url": "https://www.facebook.com/events/1828718667392224/",
    "location": "Clock Tower",
    "frequency": "none",
    "day_of_week": "None",
    "end_repeat": null
  }
},
{
  "model": "calendar_app.event",
  "pk": 21,
  "fields": {
    "event_title": "SASE Potluck - Final Spring 2018 GM",
    "start_time": "2018-04-13T23:15:00Z",
    "end_time": "2018-04-14T00:15:00Z",
    "event_type": "General meeting",
    "event_url": "https://www.facebook.com/events/422503438101612/",
    "location": "Curry Student Center 346",
    "frequency": "none",
    "day_of_week": "None",
    "end_repeat": null
  }
},
{
  "model": "calendar_app.event",
  "pk": 22,
  "fields": {
    "event_title": "NU UTSAV Presents Nataraj High: Class of 2018!",
    "start_time": "2018-04-17T17:30:00Z",
    "end_time": "2018-04-17T23:00:00Z",
    "event_type": "Event",
    "event_url": "https://www.facebook.com/events/1855420818061144/",
    "location": "Blackman",
    "frequency": "none",
    "day_of_week": "None",
    "end_repeat": null
  }
},
{
  "model": "calendar_app.event",
  "pk": 23,
  "fields": {
    "event_title": "NU UTSAV Presents: Holi 2018!",
    "start_time": "2018-04-25T17:30:00Z",
    "end_time": "2018-04-26T00:20:00Z",
    "event_type": "Event",
    "event_url": "https://www.facebook.com/events/1732445897045305/",
    "location": "Centennial Commons",
    "frequency": "none",
    "day_of_week": "None",
    "end_repeat": null
  }
},
{
  "model": "calendar_app.event",
  "pk": 24,
  "fields": {
    "event_title": "NUVSA Spring End of Year 2018",
    "start_time": "2018-04-20T21:30:00Z",
    "end_time": "2018-04-20T22:30:00Z",
    "event_type": "General meeting",
    "event_url": "https://www.facebook.com/events/1924505094500967/",
    "location": "The Asian American Center",
    "frequency": "none",
    "day_of_week": "None",
    "end_repeat": null
  }
},
{
  "model": "calendar_app.event",
  "pk": 25,
  "fields": {
    "event_title": "Leading the PAAC",
    "start_time": "2018-04-22T13:00:00Z",
    "end_time": "2018-04-22T16:00:00Z",
    "event_type": "Other",
    "event_url": "https://www.facebook.com/events/258581277884397/",
    "location": "Curry McLeod Suites",
    "frequency": "yearly",
    "day_of_week": "None",
    "end_repeat": null
  }
},
{
  "model": "calendar_app.event",
  "pk": 26,
  "fields": {
    "event_title": "PAAC Games/BBQ",
    "start_time": "2018-04-23T20:00:00Z",
    "end_time": "2018-04-23T21:00:00Z",
    "event_type": "Event",
    "event_url": "https://www.facebook.com/events/188765754974099/",
    "location": "Carter Playground",
    "frequency": "none",
    "day_of_week": "None",
    "end_repeat": null
  }
},
{
  "model": "calendar_app.organization",
  "pk": 1,
  "fields": {
    "organization_name": "aKDPHI",
    "email": "neuakdphi.president@gmail.com",
    "website": "https://www.facebook.com/neuakdphi/"
  }
},
{
  "model": "calendar_app.organization",
  "pk": 2,
  "fields": {
    "organization_name": "ASU",
    "email": "nuasu.eboard@gmail.com",
    "website": "http://www.northeastern.edu/asu/"
  }
},
{
  "model": "calendar_app.organization",
  "pk": 3,
  "fields": {
    "organization_name": "BCT",
    "email": "alpha.alpha.vice.president@betachitheta.com",
    "website": "http://neu.betachitheta.com"
  }
},
{
  "model": "calendar_app.organization",
  "pk": 4,
  "fields": {
    "organization_name": "BKD",
    "email": "nubarkada@gmail.com",
    "website": "https://www.facebook.com/NUBarkada/"
  }
},
{
  "model": "calendar_app.organization",
  "pk": 5,
  "fields": {
    "organization_name": "DPO",
    "email": "dpo.iota@gmail.com",
    "website": "http://www.dpoiota.org"
  }
},
{
  "model": "calendar_app.organization",
  "pk": 6,
  "fields": {
    "organization_name": "KASA",
    "email": "kasa.neu@gmail.com",
    "website": "https://www.facebook.com/NEUKASA/"
  }
},
{
  "model": "calendar_app.organization",
  "pk": 7,
  "fields": {
    "organization_name": "KPL",
    "email": "xikplliaison@gmail.com",
    "website": "http://www.neu-kpl.org"
  }
},
{
  "model": "calendar_app.organization",
  "pk": 8,
  "fields": {
    "organization_name": "PDP",
    "email": "president.alphaalpha@pideltapsi.com",
    "website": "https://www.neupdp.com"
  }
},
{
  "model": "calendar_app.organization",
  "pk": 9,
  "fields": {
    "organization_name": "SASE",
    "email": "northeastern.sase@gmail.com",
    "website": "http://www.northeastern.edu/sase/"
  }
},
{
  "model": "calendar_app.organization",
  "pk": 10,
  "fields": {
    "organization_name": "UTSAV",
    "email": "nuutsav@gmail.com",
    "website": "http://www.northeastern.edu/utsav/"
  }
},
{
  "model": "calendar_app.organization",
  "pk": 11,
  "fields": {
    "organization_name": "VSA",
    "email": "thenuvsaeboard@gmail.com",
    "website": "https://web.northeastern.edu/vsa/"
  }
},
{
  "model": "calendar_app.calendarevent",
  "pk": 5,
  "fields": {
    "event": 6,
    "organization": 2,
    "contact": "None"
  }
},
{
  "model": "calendar_app.calendarevent",
  "pk": 6,
  "fields": {
    "event": 7,
    "organization": 2,
    "contact": "None"
  }
},
{
  "model": "calendar_app.calendarevent",
  "pk": 7,
  "fields": {
    "event": 8,
    "organization": 1,
    "contact": "None"
  }
},
{
  "model": "calendar_app.calendarevent",
  "pk": 8,
  "fields": {
    "event": 9,
    "organization": 3,
    "contact": "None"
  }
},
{
  "model": "calendar_app.calendarevent",
  "pk": 9,
  "fields": {
    "event": 10,
    "organization": 3,
    "contact": "None"
  }
},
{
  "model": "calendar_app.calendarevent",
  "pk": 10,
  "fields": {
    "event": 11,
    "organization": 3,
    "contact": "None"
  }
},
{
  "model": "calendar_app.calendarevent",
  "pk": 11,
  "fields": {
    "event": 12,
    "organization": 4,
    "contact": "None"
  }
},
{
  "model": "calendar_app.calendarevent",
  "pk": 12,
  "fields": {
    "event": 13,
    "organization": 4,
    "contact": "None"
  }
},
{
  "model": "calendar_app.calendarevent",
  "pk": 13,
  "fields": {
    "event": 14,
    "organization": 4,
    "contact": "None"
  }
},
{
  "model": "calendar_app.calendarevent",
  "pk": 14,
  "fields": {
    "event": 15,
    "organization": 5,
    "contact": "None"
  }
},
{
  "model": "calendar_app.calendarevent",
  "pk": 15,
  "fields": {
    "event": 16,
    "organization": 6,
    "contact": "None"
  }
},
{
  "model": "calendar_app.calendarevent",
  "pk": 16,
  "fields": {
    "event": 17,
    "organization": 6,
    "contact": "None"
  }
},
{
  "model": "calendar_app.calendarevent",
  "pk": 17,
  "fields": {
    "event": 18,
    "organization": 7,
    "contact": "None"
  }
},
{
  "model": "calendar_app.calendarevent",
  "pk": 18,
  "fields": {
    "event": 19,
    "organization": 8,
    "contact": "None"
  }
},
{
  "model": "calendar_app.calendarevent",
  "pk": 19,
  "fields": {
    "event": 20,
    "organization": 8,
    "contact": "None"
  }
},
{
  "model": "calendar_app.calendarevent",
  "pk": 20,
  "fields": {
    "event": 21,
    "organization": 9,
    "contact": "None"
  }
},
{
  "model": "calendar_app.calendarevent",
  "pk": 21,
  "fields": {
    "event": 22,
    "organization": 10,
    "contact": "None"
  }
},
{
  "model": "calendar_app.calendarevent",
  "pk": 22,
  "fields": {
    "event": 23,
    "organization": 10,
    "contact": "None"
  }
},
{
  "model": "calendar_app.calendarevent",
  "pk": 23,
  "fields": {
    "event": 24,
    "organization": 11,
    "contact": "None"
  }
},
{
  "model": "auth.permission",
  "pk": 1,
  "fields": {
    "name": "Can add log entry",
    "content_type": 1,
    "codename": "add_logentry"
  }
},
{
  "model": "auth.permission",
  "pk": 2,
  "fields": {
    "name": "Can change log entry",
    "content_type": 1,
    "codename": "change_logentry"
  }
},
{
  "model": "auth.permission",
  "pk": 3,
  "fields": {
    "name": "Can delete log entry",
    "content_type": 1,
    "codename": "delete_logentry"
  }
},
{
  "model": "auth.permission",
  "pk": 4,
  "fields": {
    "name": "Can add permission",
    "content_type": 2,
    "codename": "add_permission"
  }
},
{
  "model": "auth.permission",
  "pk": 5,
  "fields": {
    "name": "Can change permission",
    "content_type": 2,
    "codename": "change_permission"
  }
},
{
  "model": "auth.permission",
  "pk": 6,
  "fields": {
    "name": "Can delete permission",
    "content_type": 2,
    "codename": "delete_permission"
  }
},
{
  "model": "auth.permission",
  "pk": 7,
  "fields": {
    "name": "Can add group",
    "content_type": 3,
    "codename": "add_group"
  }
},
{
  "model": "auth.permission",
  "pk": 8,
  "fields": {
    "name": "Can change group",
    "content_type": 3,
    "codename": "change_group"
  }
},
{
  "model": "auth.permission",
  "pk": 9,
  "fields": {
    "name": "Can delete group",
    "content_type": 3,
    "codename": "delete_group"
  }
},
{
  "model": "auth.permission",
  "pk": 10,
  "fields": {
    "name": "Can add user",
    "content_type": 4,
    "codename": "add_user"
  }
},
{
  "model": "auth.permission",
  "pk": 11,
  "fields": {
    "name": "Can change user",
    "content_type": 4,
    "codename": "change_user"
  }
},
{
  "model": "auth.permission",
  "pk": 12,
  "fields": {
    "name": "Can delete user",
    "content_type": 4,
    "codename": "delete_user"
  }
},
{
  "model": "auth.permission",
  "pk": 13,
  "fields": {
    "name": "Can add content type",
    "content_type": 5,
    "codename": "add_contenttype"
  }
},
{
  "model": "auth.permission",
  "pk": 14,
  "fields": {
    "name": "Can change content type",
    "content_type": 5,
    "codename": "change_contenttype"
  }
},
{
  "model": "auth.permission",
  "pk": 15,
  "fields": {
    "name": "Can delete content type",
    "content_type": 5,
    "codename": "delete_contenttype"
  }
},
{
  "model": "auth.permission",
  "pk": 16,
  "fields": {
    "name": "Can add session",
    "content_type": 6,
    "codename": "add_session"
  }
},
{
  "model": "auth.permission",
  "pk": 17,
  "fields": {
    "name": "Can change session",
    "content_type": 6,
    "codename": "change_session"
  }
},
{
  "model": "auth.permission",
  "pk": 18,
  "fields": {
    "name": "Can delete session",
    "content_type": 6,
    "codename": "delete_session"
  }
},
{
  "model": "auth.permission",
  "pk": 19,
  "fields": {
    "name": "Can add event",
    "content_type": 7,
    "codename": "add_event"
  }
},
{
  "model": "auth.permission",
  "pk": 20,
  "fields": {
    "name": "Can change event",
    "content_type": 7,
    "codename": "change_event"
  }
},
{
  "model": "auth.permission",
  "pk": 21,
  "fields": {
    "name": "Can delete event",
    "content_type": 7,
    "codename": "delete_event"
  }
},
{
  "model": "auth.permission",
  "pk": 22,
  "fields": {
    "name": "Can add calendar",
    "content_type": 8,
    "codename": "add_calendar"
  }
},
{
  "model": "auth.permission",
  "pk": 23,
  "fields": {
    "name": "Can change calendar",
    "content_type": 8,
    "codename": "change_calendar"
  }
},
{
  "model": "auth.permission",
  "pk": 24,
  "fields": {
    "name": "Can delete calendar",
    "content_type": 8,
    "codename": "delete_calendar"
  }
},
{
  "model": "auth.permission",
  "pk": 25,
  "fields": {
    "name": "Can add organization",
    "content_type": 9,
    "codename": "add_organization"
  }
},
{
  "model": "auth.permission",
  "pk": 26,
  "fields": {
    "name": "Can change organization",
    "content_type": 9,
    "codename": "change_organization"
  }
},
{
  "model": "auth.permission",
  "pk": 27,
  "fields": {
    "name": "Can delete organization",
    "content_type": 9,
    "codename": "delete_organization"
  }
},
{
  "model": "auth.permission",
  "pk": 28,
  "fields": {
    "name": "Can add user organization",
    "content_type": 10,
    "codename": "add_userorganization"
  }
},
{
  "model": "auth.permission",
  "pk": 29,
  "fields": {
    "name": "Can change user organization",
    "content_type": 10,
    "codename": "change_userorganization"
  }
},
{
  "model": "auth.permission",
  "pk": 30,
  "fields": {
    "name": "Can delete user organization",
    "content_type": 10,
    "codename": "delete_userorganization"
  }
},
{
  "model": "auth.permission",
  "pk": 31,
  "fields": {
    "name": "Can add calendar event",
    "content_type": 11,
    "codename": "add_calendarevent"
  }
},
{
  "model": "auth.permission",
  "pk": 32,
  "fields": {
    "name": "Can change calendar event",
    "content_type": 11,
    "codename": "change_calendarevent"
  }
},
{
  "model": "auth.permission",
  "pk": 33,
  "fields": {
    "name": "Can delete calendar event",
    "content_type": 11,
    "codename": "delete_calendarevent"
  }
},
{
  "model": "auth.user",
  "pk": 2,
  "fields": {
    "password": "pbkdf2_sha256$36000$klf6BvXWv0Yk$/m7OHA4tIy6+aHQXecbODJi0u0mMhTKZZEvZ7niga2M=",
    "last_login": "2017-04-20T20:24:28Z",
    "is_superuser": true,
    "username": "veshei",
    "first_name": "",
    "last_name": "",
    "email": "nupaac@gmail.com",
    "is_staff": true,
    "is_active": true,
    "date_joined": "2017-04-20T18:09:17Z",
    "groups": [],
    "user_permissions": []
  }
},
{
  "model": "auth.user",
  "pk": 4,
  "fields": {
    "password": "pbkdf2_sha256$36000$1IR8SWRGnxG5$Wk9FXEqo/B30elAGHL98t5tXd419PI9s6/KbBzlYReU=",
    "last_login": "2017-04-20T19:02:02.368Z",
    "is_superuser": false,
    "username": "ASU",
    "first_name": "Emily",
    "last_name": "Tang",
    "email": "nuasu.eboard@gmail.com",
    "is_staff": false,
    "is_active": true,
    "date_joined": "2017-04-20T19:01:55.508Z",
    "groups": [],
    "user_permissions": []
  }
},
{
  "model": "auth.user",
  "pk": 5,
  "fields": {
    "password": "pbkdf2_sha256$36000$xYDryI20BlYf$1poH67Ey5FaoZxxQCoIGkA+qe9KXUm94xSMRZKcnUDA=",
    "last_login": "2017-04-20T19:04:40.753Z",
    "is_superuser": false,
    "username": "aKDPHI",
    "first_name": "Vanessa",
    "last_name": "Le",
    "email": "neuakdphi.president@gmail.com",
    "is_staff": false,
    "is_active": true,
    "date_joined": "2017-04-20T19:04:36.644Z",
    "groups": [],
    "user_permissions": []
  }
},
{
  "model": "auth.user",
  "pk": 6,
  "fields": {
    "password": "pbkdf2_sha256$36000$sCiGu6XDpHfk$rOJ2NbNfXXxdhTmlWz+NVuRuDqvLIsnkYuGtn7Jx+/s=",
    "last_login": "2017-04-20T19:08:12.282Z",
    "is_superuser": false,
    "username": "BCT",
    "first_name": "Varad",
    "last_name": "Joshi",
    "email": "alpha.alpha.vice.president@betachitheta.com",
    "is_staff": false,
    "is_active": true,
    "date_joined": "2017-04-20T19:08:08.207Z",
    "groups": [],
    "user_permissions": []
  }
},
{
  "model": "auth.user",
  "pk": 7,
  "fields": {
    "password": "pbkdf2_sha256$36000$YQMMjPFeAhEA$TVgRgDduSDm/qchu0invVXfBFIc5uyaIyn2P7Ov4uOQ=",
    "last_login": "2017-04-20T19:15:16.778Z",
    "is_superuser": false,
    "username": "BKD",
    "first_name": "Alexis",
    "last_name": "Bagon",
    "email": "nubarkada@gmail.com",
    "is_staff": false,
    "is_active": true,
    "date_joined": "2017-04-20T19:15:12.450Z",
    "groups": [],
    "user_permissions": []
  }
},
{
  "model": "auth.user",
  "pk": 8,
  "fields": {
    "password": "pbkdf2_sha256$36000$tx48wAxqumEr$CURSSTxeEORlZNsZq3AdCXTjPLNCdzyk812FekS2rEE=",
    "last_login": "2017-04-20T20:07:21.550Z",
    "is_superuser": false,
    "username": "DPO",
    "first_name": "Vandana",
    "last_name": "Karan",
    "email": "dpo.iota@gmail.com",
    "is_staff": false,
    "is_active": true,
    "date_joined": "2017-04-20T20:03:08.352Z",
    "groups": [],
    "user_permissions": []
  }
},
{
  "model": "auth.user",
  "pk": 9,
  "fields": {
    "password": "pbkdf2_sha256$36000$vYX3ybI5c5sV$GvDDiyjYiDL6r8FoK4L9bBN0ja3y7mIsE14ZF6iKH/Q=",
    "last_login": "2017-04-20T20:09:29.650Z",
    "is_superuser": false,
    "username": "KASA",
    "first_name": "Julie",
    "last_name": "Han",
    "email": "kasa.neu@gmail.com",
    "is_staff": false,
    "is_active": true,
    "date_joined": "2017-04-20T20:09:23.408Z",
    "groups": [],
    "user_permissions": []
  }
},
{
  "model": "auth.user",
  "pk": 10,
  "fields": {
    "password": "pbkdf2_sha256$36000$OZgeMmSrEXxM$zbybmepA7jns2K1tUwhgyvlcxO2b7k58ZlMPz8BfKy4=",
    "last_login": "2017-04-20T20:11:56.512Z",
    "is_superuser": false,
    "username": "KPL",
    "first_name": "Yvonne",
    "last_name": "Lee",
    "email": "xikplliaison@gmail.com",
    "is_staff": false,
    "is_active": true,
    "date_joined": "2017-04-20T20:11:52.140Z",
    "groups": [],
    "user_permissions": []
  }
},
{
  "model": "auth.user",
  "pk": 11,
  "fields": {
    "password": "pbkdf2_sha256$36000$UZF6PCrovdAH$IwnUBHTn1AFv7LHEIiQqD0HsVq/1w/rQfPqcacKF47g=",
    "last_login": "2017-04-20T20:13:56.932Z",
    "is_superuser": false,
    "username": "PDP",
    "first_name": "Derek",
    "last_name": "Chou",
    "email": "president.alphaalpha@pideltapsi.com",
    "is_staff": false,
    "is_active": true,
    "date_joined": "2017-04-20T20:13:52.268Z",
    "groups": [],
    "user_permissions": []
  }
},
{
  "model": "auth.user",
  "pk": 12,
  "fields": {
    "password": "pbkdf2_sha256$36000$d95SHn3Nbzvi$r5jDYHAHFJP3w2dAdgPCUgVjoMU+XQVfrPSCBahc50Y=",
    "last_login": "2017-04-20T20:16:27.505Z",
    "is_superuser": false,
    "username": "SASE",
    "first_name": "Jenny",
    "last_name": "Cheung",
    "email": "northeastern.sase@gmail.com",
    "is_staff": false,
    "is_active": true,
    "date_joined": "2017-04-20T20:16:23.315Z",
    "groups": [],
    "user_permissions": []
  }
},
{
  "model": "auth.user",
  "pk": 13,
  "fields": {
    "password": "pbkdf2_sha256$36000$8eWGmIudpl9Q$ZNqxOE6NCTMbPfyWqGgZb/iqoQm43mRbCf2LzyCiyFs=",
    "last_login": "2017-04-20T20:17:54.604Z",
    "is_superuser": false,
    "username": "UTSAV",
    "first_name": "Vishwa",
    "last_name": "Dhuleshia",
    "email": "nuutsav@gmail.com",
    "is_staff": false,
    "is_active": true,
    "date_joined": "2017-04-20T20:17:49.185Z",
    "groups": [],
    "user_permissions": []
  }
},
{
  "model": "auth.user",
  "pk": 15,
  "fields": {
    "password": "pbkdf2_sha256$36000$LmihsW2s9pRw$H1Nx2Bnd1BYSwt+q7MzP8VfCp9LWoESuambNbnZxjBw=",
    "last_login": "2017-04-20T20:21:08.997Z",
    "is_superuser": false,
    "username": "VSA",
    "first_name": "Michael",
    "last_name": "Chau",
    "email": "thenuvsaeboard@gmail.com",
    "is_staff": false,
    "is_active": true,
    "date_joined": "2017-04-20T20:21:04.988Z",
    "groups": [],
    "user_permissions": []
  }
},
{
  "model": "calendar_app.userorganization",
  "pk": 3,
  "fields": {
    "user": 4,
    "organization": 2
  }
},
{
  "model": "calendar_app.userorganization",
  "pk": 4,
  "fields": {
    "user": 5,
    "organization": 1
  }
},
{
  "model": "calendar_app.userorganization",
  "pk": 5,
  "fields": {
    "user": 6,
    "organization": 3
  }
},
{
  "model": "calendar_app.userorganization",
  "pk": 6,
  "fields": {
    "user": 7,
    "organization": 4
  }
},
{
  "model": "calendar_app.userorganization",
  "pk": 7,
  "fields": {
    "user": 8,
    "organization": 5
  }
},
{
  "model": "calendar_app.userorganization",
  "pk": 8,
  "fields": {
    "user": 9,
    "organization": 6
  }
},
{
  "model": "calendar_app.userorganization",
  "pk": 9,
  "fields": {
    "user": 10,
    "organization": 7
  }
},
{
  "model": "calendar_app.userorganization",
  "pk": 10,
  "fields": {
    "user": 11,
    "organization": 8
  }
},
{
  "model": "calendar_app.userorganization",
  "pk": 11,
  "fields": {
    "user": 12,
    "organization": 9
  }
},
{
  "model": "calendar_app.userorganization",
  "pk": 12,
  "fields": {
    "user": 13,
    "organization": 10
  }
},
{
  "model": "calendar_app.userorganization",
  "pk": 14,
  "fields": {
    "user": 15,
    "organization": 11
  }
},
{
  "model": "admin.logentry",
  "pk": 1,
  "fields": {
    "action_time": "2017-04-20T19:01:00.054Z",
    "user": 2,
    "content_type": 4,
    "object_id": "3",
    "object_repr": "asu",
    "action_flag": 3,
    "change_message": ""
  }
},
{
  "model": "admin.logentry",
  "pk": 2,
  "fields": {
    "action_time": "2017-04-20T19:01:00.064Z",
    "user": 2,
    "content_type": 4,
    "object_id": "1",
    "object_repr": "veronica",
    "action_flag": 3,
    "change_message": ""
  }
},
{
  "model": "admin.logentry",
  "pk": 3,
  "fields": {
    "action_time": "2017-04-20T20:07:11.441Z",
    "user": 2,
    "content_type": 7,
    "object_id": "15",
    "object_repr": "DPO Candy Bag Fundraiser",
    "action_flag": 2,
    "change_message": "[{\"changed\": {\"fields\": [\"start_time\", \"end_time\"]}}]"
  }
},
{
  "model": "admin.logentry",
  "pk": 4,
  "fields": {
    "action_time": "2017-04-20T20:20:47.684Z",
    "user": 2,
    "content_type": 4,
    "object_id": "14",
    "object_repr": "VSA",
    "action_flag": 3,
    "change_message": ""
  }
},
{
  "model": "admin.logentry",
  "pk": 5,
  "fields": {
    "action_time": "2017-04-20T20:24:41.391Z",
    "user": 2,
    "content_type": 4,
    "object_id": "2",
    "object_repr": "veshei",
    "action_flag": 2,
    "change_message": "[{\"changed\": {\"fields\": [\"email\"]}}]"
  }
},
{
  "model": "admin.logentry",
  "pk": 6,
  "fields": {
    "action_time": "2017-04-20T20:33:47.136Z",
    "user": 2,
    "content_type": 9,
    "object_id": "11",
    "object_repr": "VSA",
    "action_flag": 2,
    "change_message": "[{\"changed\": {\"fields\": [\"email\", \"website\"]}}]"
  }
},
{
  "model": "admin.logentry",
  "pk": 7,
  "fields": {
    "action_time": "2017-04-20T20:34:10.660Z",
    "user": 2,
    "content_type": 9,
    "object_id": "10",
    "object_repr": "UTSAV",
    "action_flag": 2,
    "change_message": "[{\"changed\": {\"fields\": [\"email\", \"website\"]}}]"
  }
},
{
  "model": "admin.logentry",
  "pk": 8,
  "fields": {
    "action_time": "2017-04-20T20:34:36.585Z",
    "user": 2,
    "content_type": 9,
    "object_id": "9",
    "object_repr": "SASE",
    "action_flag": 2,
    "change_message": "[{\"changed\": {\"fields\": [\"email\", \"website\"]}}]"
  }
},
{
  "model": "admin.logentry",
  "pk": 9,
  "fields": {
    "action_time": "2017-04-20T20:34:58.704Z",
    "user": 2,
    "content_type": 9,
    "object_id": "8",
    "object_repr": "PDP",
    "action_flag": 2,
    "change_message": "[{\"changed\": {\"fields\": [\"email\", \"website\"]}}]"
  }
},
{
  "model": "admin.logentry",
  "pk": 10,
  "fields": {
    "action_time": "2017-04-20T20:35:21.578Z",
    "user": 2,
    "content_type": 9,
    "object_id": "7",
    "object_repr": "KPL",
    "action_flag": 2,
    "change_message": "[{\"changed\": {\"fields\": [\"email\", \"website\"]}}]"
  }
},
{
  "model": "admin.logentry",
  "pk": 11,
  "fields": {
    "action_time": "2017-04-20T20:35:46.019Z",
    "user": 2,
    "content_type": 9,
    "object_id": "6",
    "object_repr": "KASA",
    "action_flag": 2,
    "change_message": "[{\"changed\": {\"fields\": [\"email\", \"website\"]}}]"
  }
},
{
  "model": "admin.logentry",
  "pk": 12,
  "fields": {
    "action_time": "2017-04-20T20:36:19.985Z",
    "user": 2,
    "content_type": 9,
    "object_id": "5",
    "object_repr": "DPO",
    "action_flag": 2,
    "change_message": "[{\"changed\": {\"fields\": [\"email\", \"website\"]}}]"
  }
},
{
  "model": "admin.logentry",
  "pk": 13,
  "fields": {
    "action_time": "2017-04-20T20:37:03.192Z",
    "user": 2,
    "content_type": 9,
    "object_id": "4",
    "object_repr": "BKD",
    "action_flag": 2,
    "change_message": "[{\"changed\": {\"fields\": [\"email\", \"website\"]}}]"
  }
},
{
  "model": "admin.logentry",
  "pk": 14,
  "fields": {
    "action_time": "2017-04-20T20:37:23.490Z",
    "user": 2,
    "content_type": 9,
    "object_id": "3",
    "object_repr": "BCT",
    "action_flag": 2,
    "change_message": "[{\"changed\": {\"fields\": [\"email\", \"website\"]}}]"
  }
},
{
  "model": "admin.logentry",
  "pk": 15,
  "fields": {
    "action_time": "2017-04-20T20:37:44.838Z",
    "user": 2,
    "content_type": 9,
    "object_id": "2",
    "object_repr": "ASU",
    "action_flag": 2,
    "change_message": "[{\"changed\": {\"fields\": [\"email\", \"website\"]}}]"
  }
},
{
  "model": "admin.logentry",
  "pk": 16,
  "fields": {
    "action_time": "2017-04-20T20:38:09.299Z",
    "user": 2,
    "content_type": 9,
    "object_id": "1",
    "object_repr": "aKDPHI",
    "action_flag": 2,
    "change_message": "[{\"changed\": {\"fields\": [\"email\", \"website\"]}}]"
  }
}
]
